City_ID,City,Country,Lat,Lng,Max Temp,Humidity,Cloudiness,Wind Speed,Current Description
0,Pisco,PE,-13.7,-76.2167,75.2,69,0,11.5,clear sky
1,Vila Franca Do Campo,PT,37.7167,-25.4333,57.0,67,40,11.5,scattered clouds
2,Purpe,RU,64.4803,76.6897,-13.9,90,100,7.02,overcast clouds
3,Arraial Do Cabo,BR,-22.9661,-42.0278,86.0,74,0,8.05,clear sky
4,Busselton,AU,-33.65,115.3333,59.0,75,100,1.99,overcast clouds
5,Ponta Do Sol,PT,32.6667,-17.1,52.0,66,28,3.0,scattered clouds
6,Bredasdorp,ZA,-34.5322,20.0403,68.0,83,30,2.3,scattered clouds
7,Atuona,PF,-9.8,-139.0333,79.52,80,11,16.8,few clouds
8,Paamiut,GL,61.994,-49.6678,21.07,78,0,9.71,clear sky
9,Bambanglipuro,ID,-7.95,110.2833,76.05,87,100,3.58,overcast clouds
10,Saint George,US,37.1041,-113.5841,50.0,33,1,3.27,clear sky
11,Mar Del Plata,AR,-38.0023,-57.5575,75.2,46,0,6.91,clear sky
12,Talcahuano,CL,-36.7167,-73.1167,62.6,82,90,11.5,overcast clouds
13,Ushuaia,AR,-54.8,-68.3,50.0,62,75,27.63,broken clouds
14,Nigde,TR,37.8333,34.75,33.57,89,0,1.97,clear sky
15,Vaini,TO,-21.2,-175.2,77.0,100,40,1.14,moderate rain
16,Korla,CN,41.7597,86.1469,27.43,83,0,2.37,clear sky
17,Chicama,PE,-7.8447,-79.1469,71.6,83,11,11.5,few clouds
18,Izhma,RU,65.0083,53.9113,-10.82,89,100,8.37,overcast clouds
19,Avarua,CK,-21.2078,-159.775,82.4,74,93,5.75,overcast clouds
20,Nelson Bay,AU,-32.7167,152.15,73.0,78,98,8.05,overcast clouds
21,Coihaique,CL,-45.5752,-72.0662,84.2,34,0,6.91,clear sky
22,Karak,JO,31.1667,35.75,53.6,94,40,5.75,mist
23,Sitka,US,57.0531,-135.33,35.6,93,90,4.61,overcast clouds
24,Sinnamary,GF,5.3833,-52.95,78.84,83,72,13.87,broken clouds
25,Saint Anthony,US,45.0205,-93.218,10.99,61,75,20.71,broken clouds
26,Laguna,US,38.421,-121.4238,57.0,58,1,3.44,clear sky
27,Yellowknife,CA,62.456,-114.3525,-31.0,68,1,11.5,clear sky
28,Kapaa,US,22.0752,-159.319,66.2,68,75,4.61,broken clouds
29,Albany,US,42.6001,-73.9662,42.01,57,81,6.02,broken clouds
30,Berlevag,NO,70.8578,29.0864,30.2,59,75,27.63,snow
31,Rikitea,PF,-23.1203,-134.9692,78.8,69,0,10.65,clear sky
32,Bethel,US,41.3712,-73.414,39.99,81,90,6.91,overcast clouds
33,Nome,US,64.5011,-165.4064,14.0,85,90,28.77,light snow
34,Opuwo,NA,-18.0607,13.84,81.93,34,100,7.7,overcast clouds
35,Qaanaaq,GL,77.484,-69.3632,-9.67,74,100,7.09,overcast clouds
36,Beringovskiy,RU,63.05,179.3167,-7.44,89,100,11.5,overcast clouds
37,Dikson,RU,73.5069,80.5464,-33.23,84,3,10.29,clear sky
38,Yar-Sale,RU,66.8333,70.8333,-22.83,87,100,7.16,overcast clouds
39,Longyearbyen,SJ,78.2186,15.6401,19.4,86,75,2.3,broken clouds
40,Mataura,NZ,-46.1927,168.8643,50.41,89,6,1.59,clear sky
41,Hithadhoo,MV,-0.6,73.0833,82.69,77,100,12.91,overcast clouds
42,Raudeberg,NO,61.9875,5.1352,24.8,58,0,11.5,clear sky
43,Bilma,NE,18.6853,12.9164,67.93,24,0,8.37,clear sky
44,Esperance,AU,-33.8667,121.9,57.2,94,75,4.61,broken clouds
45,Kaitangata,NZ,-46.2817,169.8464,51.01,86,95,1.99,overcast clouds
46,Acapulco,MX,16.8634,-99.8901,84.2,65,1,4.61,clear sky
47,Acajutla,SV,13.5928,-89.8275,84.06,47,0,6.89,clear sky
48,Bengkulu,ID,-3.8004,102.2655,76.48,85,72,4.85,broken clouds
49,Iqaluit,CA,63.7506,-68.5145,21.2,79,75,23.02,snow
50,Bambous Virieux,MU,-20.3428,57.7575,80.6,78,40,8.05,light rain
51,Upernavik,GL,72.7868,-56.1549,6.24,75,100,2.57,overcast clouds
52,Mount Gambier,AU,-37.8333,140.7667,53.6,100,75,6.91,broken clouds
53,Butaritari,KI,3.0707,172.7902,80.87,83,98,14.72,light rain
54,Marzuq,YE,14.4,46.4667,58.17,66,0,6.85,clear sky
55,Sarkand,KZ,45.41,79.9186,30.29,78,83,3.65,broken clouds
56,Tiquicheo,MX,18.8833,-100.7333,99.05,19,0,4.68,clear sky
57,Plyussa,RU,58.4308,29.3654,2.52,94,49,5.64,scattered clouds
58,Bardejov,SK,49.2918,21.2727,32.0,94,99,4.0,overcast clouds
59,Charters Towers,AU,-20.1,146.2667,72.23,88,3,8.9,clear sky
60,Eenhana,NA,-17.4667,16.3333,86.0,42,60,1.14,broken clouds
61,New Norfolk,AU,-42.7826,147.0587,64.99,92,100,3.44,light rain
62,Namatanai,PG,-3.6667,152.4333,78.33,87,99,11.9,moderate rain
63,Nikolskoye,RU,59.7035,30.7861,10.99,85,75,11.18,snow
64,Fortuna,US,40.5982,-124.1573,52.0,93,90,5.14,overcast clouds
65,Turukhansk,RU,65.8167,87.9833,-24.52,87,100,5.37,overcast clouds
66,Bluff,NZ,-46.6,168.3333,52.9,86,0,4.88,clear sky
67,Chuy,UY,-33.6971,-53.4616,70.48,63,31,13.47,scattered clouds
68,Hermanus,ZA,-34.4187,19.2345,71.01,80,11,3.0,few clouds
69,Cape Town,ZA,-33.9258,18.4232,71.01,83,0,18.41,clear sky
70,Saskylakh,RU,71.9167,114.0833,-24.34,85,93,8.25,overcast clouds
71,Inhambane,MZ,-23.865,35.3833,77.0,88,75,5.75,broken clouds
72,San Patricio,US,28.017,-97.5169,66.2,55,90,13.8,overcast clouds
73,Timmins,CA,48.4669,-81.3331,30.2,93,90,6.91,snow
74,Wilmington,US,34.2257,-77.9447,54.0,94,90,10.36,mist
75,Pho Thong,TH,14.6673,100.4088,77.0,65,35,2.89,scattered clouds
76,Puerto Ayora,EC,-0.7393,-90.3518,86.0,66,40,17.27,scattered clouds
77,Atar,MR,20.5169,-13.0499,67.95,36,100,7.52,overcast clouds
78,Makasar,ID,-5.14,119.4221,75.2,94,40,2.3,scattered clouds
79,Camapua,BR,-19.5314,-54.0439,82.56,64,71,8.79,broken clouds
80,Qasigiannguit,GL,68.8193,-51.1922,8.6,40,1,16.11,clear sky
81,Maple Creek,CA,49.9168,-109.4848,1.4,78,100,10.36,overcast clouds
82,Ippy,CF,6.2679,21.2247,83.3,22,0,4.88,clear sky
83,Punta Arenas,CL,-53.15,-70.9167,59.0,38,0,28.77,clear sky
84,Zorritos,PE,-3.6805,-80.6782,84.2,70,75,8.05,broken clouds
85,Cabo San Lucas,MX,22.8909,-109.9124,84.0,31,20,4.61,few clouds
86,Bougouni,ML,11.417,-7.479,87.33,14,100,3.09,overcast clouds
87,Khatanga,RU,71.9667,102.5,-31.54,79,13,7.99,few clouds
88,Kathu,TH,7.9178,98.3332,78.8,73,20,6.91,few clouds
89,Mahebourg,MU,-20.4081,57.7,80.6,78,40,8.05,light rain
90,Phanom Sarakham,TH,13.7479,101.3553,81.0,63,0,4.18,clear sky
91,Camocim,BR,-2.9022,-40.8411,86.02,53,2,18.88,clear sky
92,Severnyy,RU,50.677,36.5532,15.8,79,75,15.66,light snow
93,Hilo,US,19.7297,-155.09,70.0,60,75,4.61,broken clouds
94,Rocha,UY,-34.4833,-54.3333,69.13,63,4,13.35,clear sky
95,Severo-Kurilsk,RU,50.6789,156.125,11.59,84,49,7.94,scattered clouds
96,Aklavik,CA,68.2191,-135.0107,-34.6,67,20,3.44,few clouds
97,Tasiilaq,GL,65.6145,-37.6368,21.2,63,75,5.75,broken clouds
98,Lorengau,PG,-2.0226,147.2712,79.97,77,100,0.6,overcast clouds
99,Tezpur,IN,26.6333,92.8,60.22,51,0,3.44,clear sky
100,East London,ZA,-33.0153,27.9116,69.8,100,75,9.22,light rain
101,Ribeira Grande,PT,38.5167,-28.7,59.0,72,75,12.66,broken clouds
102,Tevaitoa,PF,-16.7833,-151.5,81.32,66,6,6.64,clear sky
103,Champerico,GT,14.3,-91.9167,87.8,55,75,11.5,broken clouds
104,Roshchino,RU,60.2519,29.6085,7.0,93,59,8.46,broken clouds
105,Mayo,US,38.8876,-76.5119,55.0,62,1,10.36,clear sky
106,Lexington,US,37.9887,-84.4777,39.99,60,75,13.8,broken clouds
107,Jamestown,US,42.097,-79.2353,28.99,63,75,19.57,broken clouds
108,Samana,DO,19.2056,-69.3369,86.0,74,20,11.5,few clouds
109,Ibitinga,BR,-21.7578,-48.8289,81.91,74,0,11.01,clear sky
110,Constitucion,CL,-35.3333,-72.4167,65.17,68,60,6.24,broken clouds
111,Olafsvik,IS,64.8945,-23.7142,38.19,81,94,31.47,overcast clouds
112,Leningradskiy,RU,69.3833,178.4167,-12.14,87,100,8.23,overcast clouds
113,Koster,ZA,-25.863,26.8976,64.04,94,100,5.95,moderate rain
114,Jaciara,BR,-15.9653,-54.9683,85.6,67,54,8.01,broken clouds
115,Bukene,TZ,-4.2333,32.8833,67.77,83,12,2.64,light rain
116,Hobart,AU,-42.8794,147.3294,64.99,94,75,8.05,light rain
117,Bonavista,CA,48.6499,-53.1147,39.2,93,100,4.61,overcast clouds
118,Saint-Denis,FR,48.9167,2.3333,51.01,87,0,5.75,clear sky
119,Tiksi,RU,71.6872,128.8694,-17.52,89,100,14.09,overcast clouds
120,Isangel,VU,-19.55,169.2667,75.2,94,20,1.25,few clouds
121,Souillac,MU,-20.5167,57.5167,80.6,78,40,8.05,scattered clouds
122,Margate,GB,51.3813,1.3862,46.99,85,0,1.99,clear sky
123,Batagay,RU,67.6333,134.6333,-35.75,81,99,2.06,overcast clouds
124,Kudahuvadhoo,MV,2.6708,72.8944,81.36,75,100,11.68,overcast clouds
125,Faanui,PF,-16.4833,-151.75,81.18,66,9,6.24,clear sky
126,Kapit,MY,2.0167,112.9333,72.82,95,100,0.94,overcast clouds
127,Katsuura,JP,35.1333,140.3,42.8,75,75,11.5,broken clouds
128,Viedma,AR,-40.8135,-62.9967,102.99,14,0,5.99,clear sky
129,Jerusalem,IL,31.769,35.2163,55.99,92,43,7.0,scattered clouds
130,Bubaque,GW,11.2833,-15.8333,78.33,68,100,22.08,overcast clouds
131,Wanaka,NZ,-44.7,169.15,59.4,67,99,1.59,overcast clouds
132,Rio Gallegos,AR,-51.6226,-69.2181,64.4,25,40,26.46,scattered clouds
133,Kununurra,AU,-15.7667,128.7333,77.0,100,75,4.61,broken clouds
134,Planaltina,BR,-15.4528,-47.6142,82.4,61,75,6.91,broken clouds
135,Tuatapere,NZ,-46.1333,167.6833,54.72,87,98,2.21,overcast clouds
136,Aleksandrov Gay,RU,50.147,48.5704,36.61,97,100,8.88,overcast clouds
137,Volchansk,RU,59.9378,60.081,14.23,97,100,7.25,snow
138,Energetik,RU,51.7445,58.7934,33.93,91,100,15.77,overcast clouds
139,Bella Vista,US,36.4295,-94.2316,51.01,34,75,12.66,broken clouds
140,Plettenberg Bay,ZA,-34.0527,23.3716,69.21,90,2,3.38,clear sky
141,Strezhevoy,RU,60.7333,77.5889,10.4,92,90,6.71,overcast clouds
142,Hamilton,US,39.1834,-84.5333,35.01,55,90,16.11,overcast clouds
143,Tuktoyaktuk,CA,69.4541,-133.0374,-25.6,75,75,11.5,light snow
144,Panama City,PA,8.9936,-79.5197,89.6,62,40,16.11,scattered clouds
145,Port-Gentil,GA,-0.7193,8.7815,82.4,83,40,8.05,scattered clouds
146,Gao,ML,16.6362,1.637,78.21,15,0,9.57,clear sky
147,Lixourion,GR,38.2019,20.4314,57.2,88,20,7.54,few clouds
148,Sobolevo,RU,54.4299,31.8996,9.99,96,89,6.49,snow
149,Victoria,HK,22.2855,114.1577,64.99,77,0,5.14,clear sky
150,Santa Cruz Del Sur,CU,20.7147,-77.9956,81.68,54,0,7.38,light rain
151,Palmer,US,42.1584,-72.3287,39.99,81,90,9.22,overcast clouds
152,Lady Lake,US,28.9175,-81.9229,75.2,41,90,16.11,overcast clouds
153,Chulman,RU,56.8479,124.9104,-25.56,85,100,3.44,overcast clouds
154,Itupiranga,BR,-5.1347,-49.3267,91.4,62,40,6.91,scattered clouds
155,Aleppo,SY,36.25,37.5,51.84,78,0,3.02,clear sky
156,Monrovia,LR,6.3005,-10.7969,82.4,74,40,5.75,scattered clouds
157,Rognan,NO,67.0953,15.3878,21.99,91,60,3.83,broken clouds
158,Presidencia Roque Saenz Pena,AR,-26.7852,-60.4388,86.0,42,0,4.0,clear sky
159,Hami,CN,42.8,93.45,29.14,86,100,1.07,overcast clouds
160,Koumac,NC,-20.5667,164.2833,76.57,79,1,2.28,clear sky
161,Beloha,MG,-25.1667,45.05,77.2,88,66,1.48,broken clouds
162,Sao Filipe,CV,14.8961,-24.4956,71.38,73,3,17.81,clear sky
163,Blackwater,AU,-23.5833,148.8833,71.1,79,1,7.96,clear sky
164,Cidreira,BR,-30.1811,-50.2056,73.56,64,35,19.37,scattered clouds
165,Morant Bay,JM,17.8815,-76.4093,86.0,74,20,21.85,few clouds
166,Namtsy,RU,62.7161,129.6658,-43.6,60,92,3.96,fog
167,Nantucket,US,41.2835,-70.0995,44.01,87,90,13.8,light rain
168,Kodiak,US,57.79,-152.4072,30.2,74,20,2.57,few clouds
169,Barrow,US,71.2906,-156.7887,-14.8,76,75,8.05,mist
170,Borgarnes,IS,64.5383,-21.9206,35.6,60,20,12.66,few clouds
171,Xichang,CN,27.8964,102.2634,42.39,64,0,1.36,clear sky
172,Warmbad,NA,-28.45,18.7333,88.25,13,0,10.45,clear sky
173,Te Anau,NZ,-45.4167,167.7167,55.53,89,79,0.81,broken clouds
174,Gander,CA,48.9682,-54.5906,37.4,100,90,5.75,light intensity drizzle
175,Cabadiangan,PH,9.7531,122.4739,76.23,84,52,6.96,broken clouds
176,Mantua,IT,45.1667,10.7833,50.0,92,80,1.3,broken clouds
177,Nanpara,IN,27.8667,81.5,55.38,79,0,4.32,clear sky
178,Murgab,TM,37.4966,61.9714,50.0,46,31,6.91,scattered clouds
179,Talnakh,RU,69.4865,88.3972,-26.23,84,93,4.76,overcast clouds
180,Ilinge,ZA,-31.9768,27.0427,65.84,89,100,8.66,overcast clouds
181,Bud,US,39.447,-86.1758,30.99,74,100,19.55,overcast clouds
182,Antsohihy,MG,-14.8796,47.9875,76.28,91,84,2.26,broken clouds
183,Petropavlovsk-Kamchatskiy,RU,53.0452,158.6483,-7.6,71,100,8.95,overcast clouds
184,College,US,64.8569,-147.8028,-18.4,63,40,8.05,scattered clouds
185,Alekseyevka,RU,50.6309,38.6903,17.08,91,96,15.48,overcast clouds
186,Mananara,MG,-16.1667,49.7667,76.57,80,69,0.87,broken clouds
187,Mizan Teferi,ET,6.9833,35.5833,68.83,47,10,1.79,clear sky
188,Houma,US,29.5958,-90.7195,54.0,71,90,11.5,overcast clouds
189,Port Elizabeth,ZA,-33.918,25.5701,71.6,88,90,11.5,overcast clouds
190,Port Keats,AU,-14.25,129.55,81.18,83,100,10.94,overcast clouds
191,Angra Dos Reis,BR,-23.0067,-44.3181,78.8,78,90,14.97,heavy intensity rain
192,Quatre Cocos,MU,-20.2078,57.7625,80.6,78,40,8.05,light rain
193,Guerrero Negro,MX,27.9769,-114.0611,67.32,44,0,12.3,clear sky
194,Sampit,ID,-2.5333,112.95,73.9,97,94,0.78,overcast clouds
195,Kurilsk,RU,45.2333,147.8833,20.12,92,100,14.36,light snow
196,Aloleng,PH,16.1307,119.7824,77.38,75,22,7.0,few clouds
197,Iskateley,RU,67.6803,53.1512,-8.95,90,91,12.17,overcast clouds
198,Peru,US,40.7537,-86.0689,21.99,86,75,23.02,broken clouds
199,Pangoa,PE,-12.1167,-73.0,76.89,92,98,4.9,overcast clouds
200,Chake Chake,TZ,-5.2459,39.7666,79.41,78,0,9.42,clear sky
201,Eskhar,UA,49.7987,36.5883,19.4,68,90,15.66,snow
202,Bathsheba,BB,13.2167,-59.5167,84.2,54,40,23.02,scattered clouds
203,Ahipara,NZ,-35.1667,173.1667,61.68,86,100,3.87,overcast clouds
204,Carnarvon,AU,-24.8667,113.6333,80.6,79,90,23.02,overcast clouds
205,Tautira,PF,-17.7333,-149.15,82.0,65,55,1.99,broken clouds
206,Chokurdakh,RU,70.6333,147.9167,-11.09,88,100,15.68,overcast clouds
207,Yuli,NG,9.6989,10.2744,83.19,16,56,7.96,broken clouds
208,Sao Sebastiao,BR,-23.76,-45.4097,75.13,87,100,7.25,overcast clouds
209,Port Hedland,AU,-20.3167,118.5667,77.0,94,22,4.61,few clouds
210,Sioux Lookout,CA,50.1001,-91.917,-4.0,65,90,14.97,snow
211,Ranong,TH,9.9658,98.6348,74.07,87,41,3.4,scattered clouds
212,Adrar,MR,20.5022,-10.0711,71.31,22,2,9.04,clear sky
213,Kailua,US,21.4022,-157.7394,69.8,64,20,7.65,few clouds
214,Broken Hill,AU,-31.95,141.4333,62.6,63,0,10.36,clear sky
215,High Rock,BS,26.6208,-78.2833,73.4,60,40,14.97,scattered clouds
216,Kalabo,ZM,-14.97,22.6814,72.66,80,4,3.22,clear sky
217,Ancud,CL,-41.8697,-73.8203,84.2,30,0,9.22,clear sky
218,Marawi,PH,7.9986,124.2928,73.0,92,92,5.99,overcast clouds
219,Ostrovnoy,RU,68.0531,39.5131,11.73,92,100,12.73,overcast clouds
220,Lewiston,US,44.1003,-70.2148,33.8,93,90,5.75,snow
221,Coquimbo,CL,-29.9533,-71.3436,66.2,72,20,13.8,few clouds
222,Port Alfred,ZA,-33.5906,26.891,69.01,94,100,3.0,overcast clouds
223,Tambopata,PE,-12.7333,-69.1833,89.6,62,40,4.61,scattered clouds
224,Mugur-Aksy,RU,50.35,90.5,5.29,84,96,4.54,overcast clouds
225,Namibe,AO,-15.1961,12.1522,72.48,77,73,6.85,broken clouds
226,Lavrentiya,RU,65.5833,-171.0,2.28,92,100,16.31,snow
227,Clyde River,CA,70.4692,-68.5914,-16.6,76,75,12.66,broken clouds
228,Dingle,PH,10.9995,122.6711,74.73,90,100,6.53,light rain
229,Cayenne,GF,4.9333,-52.3333,80.6,83,90,10.36,overcast clouds
230,Vao,NC,-22.6667,167.4833,77.54,86,0,14.16,clear sky
231,Tura,IN,25.5198,90.2201,62.67,44,0,3.33,clear sky
232,Vestmannaeyjar,IS,63.4427,-20.2734,35.6,87,20,24.16,few clouds
233,Nacala,MZ,-14.5428,40.6728,79.56,85,100,4.05,overcast clouds
234,Anito,PH,12.4497,125.2886,77.56,89,35,9.51,scattered clouds
235,Dalvik,IS,65.9702,-18.5286,26.6,68,0,5.75,clear sky
236,La Rioja,ES,42.25,-2.5,51.8,82,40,5.75,scattered clouds
237,Kirakira,SB,-10.4544,161.9205,79.32,82,30,8.25,moderate rain
238,Sao Felix Do Xingu,BR,-6.6447,-51.995,83.32,81,92,4.74,overcast clouds
239,Batemans Bay,AU,-35.7167,150.1833,71.01,91,100,14.0,light rain
240,Shibetsu,JP,43.659,145.132,17.64,89,100,8.79,light snow
241,Pevek,RU,69.7008,170.3133,-15.54,86,100,1.61,overcast clouds
242,Yeppoon,AU,-23.1333,150.7333,71.6,83,65,2.1,moderate rain
243,Guadalajara,MX,20.6667,-103.3333,82.4,12,1,4.41,clear sky
244,Port Lincoln,AU,-34.7333,135.8667,63.05,78,84,20.47,broken clouds
245,Tigil,RU,57.8,158.6667,-7.83,88,68,3.15,broken clouds
246,Sao Jose Da Coroa Grande,BR,-8.8978,-35.1478,82.71,66,0,13.06,clear sky
247,Wewak,PG,-3.5534,143.6268,77.68,84,100,2.75,overcast clouds
248,Lluta,PE,-16.0147,-72.0142,68.0,37,40,12.66,scattered clouds
249,Rocky Mountain House,CA,52.3668,-114.9188,-0.4,78,100,3.44,light snow
250,Lagunillas,VE,10.1301,-71.2595,87.85,62,100,10.63,overcast clouds
251,Palmas Bellas,PA,9.2319,-80.0867,89.01,64,96,5.01,overcast clouds
252,Wajima,JP,37.4,136.9,48.85,72,100,24.32,overcast clouds
253,Honningsvag,NO,70.9821,25.9704,32.0,80,75,28.77,light snow
254,Saint-Philippe,RE,-21.3585,55.7679,80.6,61,20,4.61,few clouds
255,San Quintin,MX,30.4833,-115.95,61.0,62,0,7.0,clear sky
256,Roebourne,AU,-20.7833,117.1333,80.35,77,30,9.1,scattered clouds
257,Simao,CN,22.7886,100.9748,53.28,83,0,1.45,clear sky
258,Yankton,US,42.8711,-97.3973,19.4,63,1,20.71,clear sky
259,Lahat,ID,-3.8,103.5333,74.37,91,100,2.55,overcast clouds
260,Semirom,IR,31.4167,51.5667,39.02,71,31,6.29,scattered clouds
261,Provideniya,RU,64.3833,-173.3,6.6,90,100,17.74,overcast clouds
262,Ishigaki,JP,24.3448,124.1572,69.33,59,68,6.87,broken clouds
263,Boyolangu,ID,-8.1181,111.8935,74.68,91,76,4.74,broken clouds
264,Ransang,PH,8.9603,117.5828,78.53,79,100,5.7,overcast clouds
265,Kampene,CD,-3.6,26.6667,71.98,91,100,1.14,light rain
266,Mikhaylovskoye,RU,51.8239,79.7172,24.13,99,91,5.3,overcast clouds
267,Paracatu,BR,-17.2222,-46.8747,83.68,68,98,3.89,moderate rain
268,Geraldton,AU,-28.7667,114.6,62.6,94,90,11.5,moderate rain
269,Ibra,OM,22.6906,58.5334,56.19,68,0,1.43,clear sky
270,Provost,CA,52.3501,-110.2683,-11.2,77,100,5.75,overcast clouds
271,Kavieng,PG,-2.5744,150.7967,80.58,79,100,11.5,overcast clouds
272,Magadan,RU,59.5667,150.8,-4.79,83,96,14.38,overcast clouds
273,Bulgan,MN,48.8125,103.5347,4.96,93,100,3.29,overcast clouds
274,Nanortalik,GL,60.1432,-45.2371,21.04,76,0,2.28,clear sky
275,Narsaq,GL,60.9167,-46.05,21.2,35,1,3.85,clear sky
276,Pochutla,MX,15.7432,-96.4661,82.0,74,75,12.66,broken clouds
277,Walvis Bay,NA,-22.9575,14.5053,64.99,82,88,6.91,overcast clouds
278,Abonnema,NG,4.7084,6.7931,84.2,79,20,9.22,few clouds
279,Qorveh,IR,35.1664,47.8045,38.48,87,100,16.33,overcast clouds
280,Vilyuysk,RU,63.7553,121.6247,-42.57,79,0,4.29,clear sky
281,Russell,US,32.3502,-85.1999,57.2,38,20,11.5,few clouds
282,Hay River,CA,60.8156,-115.7999,-25.6,68,100,12.66,overcast clouds
283,Padang,ID,-0.9492,100.3543,75.2,94,90,2.3,overcast clouds
284,Acarau,BR,-2.8856,-40.12,84.69,58,7,17.11,clear sky
285,Klaksvik,FO,62.2266,-6.589,32.0,69,20,8.05,light snow
286,Cockburn Town,TC,21.4612,-71.1419,80.6,69,40,13.8,scattered clouds
287,Torbay,CA,47.6666,-52.7314,41.0,87,75,23.02,broken clouds
288,Meadow Lake,US,34.8014,-106.5436,50.0,24,1,5.75,clear sky
289,Reforma,MX,18.1,-91.0167,83.77,56,0,6.62,clear sky
290,Roma,US,43.2128,-75.4557,42.8,56,90,16.11,overcast clouds
291,Haapiti,PF,-17.5667,-149.8667,82.0,65,51,1.99,broken clouds
292,Porto De Moz,BR,-1.7483,-52.2383,92.97,44,82,4.38,broken clouds
293,Yulara,AU,-25.2406,130.9889,68.0,32,0,9.22,clear sky
294,Riverton,US,40.5219,-111.9391,35.01,93,90,13.8,snow
295,Chara,RU,56.9064,118.2631,-12.37,75,100,0.96,overcast clouds
296,Antibes,FR,43.5624,7.1278,57.2,82,0,14.97,clear sky
297,Otjimbingwe,NA,-22.35,16.1333,83.68,36,68,7.2,broken clouds
298,Preobrazheniye,RU,42.9019,133.9064,25.36,92,92,7.23,overcast clouds
299,Diamantino,BR,-14.4086,-56.4461,88.18,60,57,5.66,broken clouds
300,Bognor Regis,GB,50.7821,-0.6798,46.0,94,19,11.14,light rain
301,Jinan,CN,36.6683,116.9972,44.98,49,0,6.67,clear sky
302,Lasa,IT,46.6166,10.7002,39.0,86,0,2.91,clear sky
303,Dunedin,NZ,-45.8742,170.5036,55.99,73,99,15.99,overcast clouds
304,Miraflores,MX,19.2167,-98.8083,77.0,13,1,4.61,clear sky
305,Kamenka,RU,51.3223,42.7678,17.01,86,100,14.0,overcast clouds
306,Berndorf,AT,47.9457,16.1097,45.0,85,100,0.89,overcast clouds
307,Tank,PK,32.2217,70.3793,53.76,55,0,0.85,clear sky
308,Dombarovskiy,RU,50.7587,59.5386,32.05,98,100,19.1,overcast clouds
309,Tateyama,JP,34.9833,139.8667,42.8,75,75,11.5,broken clouds
310,Radcliff,US,37.8404,-85.9491,41.0,48,1,17.27,clear sky
311,Maryville,US,35.7565,-83.9705,48.0,39,20,12.66,few clouds
312,Lovozero,RU,68.005,35.0117,11.14,96,100,3.76,overcast clouds
313,Nakusp,CA,50.2499,-117.8023,37.4,81,55,2.3,broken clouds
314,Jinchang,CN,38.4953,102.1739,31.01,62,0,4.0,clear sky
315,Fairbanks,US,64.8378,-147.7164,-18.4,69,75,3.24,broken clouds
316,Udachnyy,RU,66.4167,112.4,-37.44,80,52,2.01,broken clouds
317,Touros,BR,-5.1989,-35.4608,86.0,51,0,14.97,clear sky
318,Seoul,KR,37.5683,126.9778,39.2,75,75,5.75,broken clouds
319,Georgetown,MY,5.4112,100.3354,82.4,83,20,4.45,few clouds
320,Nova Olinda Do Norte,BR,-3.8881,-59.0942,91.54,56,31,4.61,scattered clouds
321,Peniche,PT,39.3558,-9.3811,54.0,82,100,11.01,overcast clouds
322,Awbari,LY,26.5921,12.7805,61.32,30,0,10.51,clear sky
323,Sur,OM,22.5667,59.5289,64.67,67,0,3.89,clear sky
324,Clarence Town,AU,-32.5833,151.7833,73.0,78,100,8.05,overcast clouds
325,Ziway,ET,7.9333,38.7167,72.7,29,85,8.37,overcast clouds
326,Pangnirtung,CA,66.1451,-65.7125,10.4,79,90,12.66,snow
327,Ipameri,BR,-17.7219,-48.1597,81.09,74,100,6.64,overcast clouds
328,Marsh Harbour,BS,26.5412,-77.0636,72.97,64,0,15.32,clear sky
329,Manta,EC,-0.95,-80.7333,82.4,74,75,6.91,broken clouds
330,Port Hardy,CA,50.6996,-127.4199,44.6,81,40,8.05,scattered clouds
331,Nemuro,JP,43.3236,145.575,27.97,90,100,13.2,light snow
332,Airai,TL,-8.9266,125.4092,61.43,100,100,3.31,light rain
333,Shimoda,JP,34.6667,138.95,45.0,55,57,3.0,broken clouds
334,Keffi,NG,8.8486,7.8736,91.4,25,0,3.44,clear sky
335,Vostok,RU,46.4856,135.8833,0.34,94,100,2.55,overcast clouds
336,Castro,BR,-24.7911,-50.0119,75.56,53,0,6.42,clear sky
337,Havre-Saint-Pierre,CA,50.2334,-63.5986,33.8,86,90,12.66,light snow
338,Haines Junction,CA,60.7522,-137.5108,-20.2,63,100,1.36,overcast clouds
339,Mildura,AU,-34.2,142.15,64.4,59,11,11.5,few clouds
340,Mayumba,GA,-3.432,10.6554,79.18,84,74,4.25,broken clouds
341,Kushmurun,KZ,52.4503,64.6311,35.29,98,100,13.58,light rain
342,Nuuk,GL,64.1835,-51.7216,17.6,73,20,13.8,few clouds
343,Narasannapeta,IN,18.4167,84.05,67.05,67,3,5.26,clear sky
344,Balkhash,KZ,46.844,74.9804,25.2,98,100,5.57,overcast clouds
345,Lebu,CL,-37.6167,-73.65,66.27,67,9,13.82,clear sky
346,Novyy Urengoy,RU,66.0833,76.6333,-24.14,86,100,3.29,overcast clouds
347,Deputatskiy,RU,69.3,139.9,-31.97,86,84,0.29,broken clouds
348,Halifax,CA,44.6453,-63.5724,39.0,65,75,12.66,broken clouds
349,Aksay,RU,47.26,39.87,28.0,74,75,17.9,broken clouds
350,Becal,MX,20.45,-90.0333,89.01,42,1,9.22,clear sky
351,Vardo,NO,70.3705,31.1107,26.6,93,75,12.66,light snow
352,Hirara,JP,24.8,125.2833,69.3,60,89,7.05,overcast clouds
353,Puerto Madero,MX,14.7208,-92.4215,86.0,58,75,5.75,broken clouds
354,Naze,JP,28.3667,129.4833,60.67,76,50,11.79,scattered clouds
355,Capitan Bado,PY,-23.2667,-55.5333,78.17,61,86,6.6,overcast clouds
356,San Andres,CO,12.5847,-81.7006,84.2,74,20,10.36,few clouds
357,Caravelas,BR,-17.7125,-39.2481,83.03,72,100,15.5,overcast clouds
358,Monroe,US,43.1501,-77.6831,36.0,64,75,20.71,broken clouds
359,Bandarbeyla,SO,9.4942,50.8122,74.46,70,5,11.95,clear sky
360,Flinders,AU,-34.5833,150.8552,73.0,85,100,3.0,moderate rain
361,Grindavik,IS,63.8424,-22.4338,37.4,81,75,18.41,broken clouds
362,Flin Flon,CA,54.7682,-101.865,-18.4,63,20,14.97,snow
363,Saint-Georges,GD,12.0564,-61.7485,84.2,61,20,23.02,few clouds
364,Salalah,OM,17.0151,54.0924,73.4,68,40,8.05,scattered clouds
365,Rudbar,AF,30.15,62.6,57.11,29,0,9.13,clear sky
366,Hailar,CN,49.2,119.7,-9.13,90,9,4.92,clear sky
367,Arani,IN,12.6667,79.2833,67.75,76,0,2.82,clear sky
368,Taoudenni,ML,22.6783,-3.9836,82.22,13,65,9.13,broken clouds
369,Fazilka,IN,30.4,74.0333,52.07,63,0,3.74,clear sky
370,Kirundo,BI,-2.5833,30.1667,69.8,64,75,6.91,light rain
371,Sorland,NO,67.667,12.6934,37.4,70,75,11.5,broken clouds
372,Hofn,IS,64.2539,-15.2082,36.34,80,100,11.61,overcast clouds
373,Makubetsu,JP,45.3714,141.8211,24.08,96,100,2.59,light snow
374,Labuhan,ID,-6.8844,112.2051,78.15,86,91,12.21,overcast clouds
375,Moose Factory,CA,51.2585,-80.6094,30.2,55,75,10.36,broken clouds
376,Conde,BR,-7.2597,-34.9075,86.0,58,0,10.36,clear sky
377,Komsomolets,KZ,53.7453,62.0708,35.69,98,100,12.44,overcast clouds
378,Stokmarknes,NO,68.5646,14.9108,32.0,74,40,3.44,light snow
379,Kenai,US,60.5544,-151.2583,7.0,78,1,5.61,clear sky
380,Nicolas Bravo,MX,18.45,-88.9167,82.4,65,40,16.11,scattered clouds
381,Bichena,ET,10.45,38.2,55.76,43,0,7.61,clear sky
382,Sambava,MG,-14.2667,50.1667,78.22,81,51,3.6,light rain
383,Mnogovershinnyy,RU,53.9353,139.9242,-15.02,90,100,4.32,overcast clouds
384,Yeniseysk,RU,58.4497,92.1703,2.59,94,99,3.33,overcast clouds
385,Barra Velha,BR,-26.6322,-48.6847,90.0,35,0,14.97,clear sky
386,Shubarkuduk,KZ,49.1447,56.4872,34.65,90,100,13.98,overcast clouds
387,Ngaoundere,CM,7.3167,13.5833,69.84,24,80,5.61,broken clouds
388,Camacha,PT,33.0833,-16.3333,57.2,67,20,20.71,few clouds
389,Adelaide,AU,-34.9333,138.6,64.4,82,75,21.85,light rain
390,Ouadda,CF,8.0777,22.4007,76.28,22,17,7.34,few clouds
391,Lagoa,PT,39.05,-27.9833,57.58,84,100,18.72,overcast clouds
392,Ixtapa,MX,20.7,-105.2,75.2,60,1,6.91,clear sky
393,Trairi,BR,-3.2778,-39.2689,84.31,61,0,12.71,clear sky
394,Puqi,CN,29.7167,113.8833,43.99,91,0,2.46,clear sky
395,Aragarcas,BR,-15.8975,-52.2508,89.6,58,40,4.61,scattered clouds
396,San Policarpo,PH,12.1791,125.5072,80.26,84,100,12.71,overcast clouds
397,Thompson,CA,55.7435,-97.8558,-13.0,70,90,14.97,snow
398,Krasnoselkup,RU,65.7,82.4667,-30.51,85,60,4.97,broken clouds
399,Kapoeta,SS,4.7717,33.5903,87.84,23,63,4.68,broken clouds
400,Los Llanos De Aridane,ES,28.6585,-17.9182,60.8,55,20,20.71,few clouds
401,Lompoc,US,34.6391,-120.4579,64.99,47,1,3.44,clear sky
402,Nambucca Heads,AU,-30.65,153.0,68.0,88,40,5.75,scattered clouds
403,Pimenta Bueno,BR,-11.6725,-61.1936,86.54,72,65,1.92,very heavy rain
404,Bin Qirdan,TN,33.1378,11.2197,69.93,24,0,10.13,clear sky
405,Soe,ID,-9.8607,124.284,66.87,100,100,3.76,overcast clouds
406,Mpika,ZM,-11.8343,31.4529,64.85,96,100,4.52,light rain
407,Vanderhoof,CA,54.0166,-124.0198,23.29,97,96,2.51,overcast clouds
408,Husavik,IS,66.0449,-17.3389,26.6,68,0,5.75,clear sky
409,Ak-Dovurak,RU,51.1833,90.6,12.4,85,100,1.07,overcast clouds
410,Gat,IL,31.61,34.7642,62.01,100,47,7.99,scattered clouds
411,Le Port,RE,-20.9373,55.2919,77.0,61,0,10.36,clear sky
412,Port Blair,IN,11.6667,92.75,78.53,79,1,7.29,clear sky
413,Cherskiy,RU,68.75,161.3,-15.18,77,0,3.76,clear sky
414,Sabaudia,IT,41.3003,13.0282,57.99,75,56,3.0,broken clouds
415,Kieta,PG,-6.2167,155.6333,80.17,80,80,4.85,light rain
416,Mitsamiouli,KM,-11.3847,43.2844,78.8,89,20,5.75,few clouds
417,Kahului,US,20.8947,-156.47,69.8,73,20,3.44,few clouds
418,Formosa,AR,-26.1775,-58.1781,85.55,35,17,8.68,few clouds
419,Mangaluru,IN,12.8667,74.8833,77.0,78,0,5.75,clear sky
420,Byron Bay,AU,-28.65,153.6167,69.8,94,75,1.99,broken clouds
421,Henties Bay,NA,-22.116,14.2845,64.99,89,18,3.0,few clouds
422,Papara,BR,-3.9839,-38.7273,84.2,70,40,17.27,scattered clouds
423,Mazagao,BR,-0.115,-51.2894,93.2,59,40,12.66,scattered clouds
424,Manggar,ID,-2.8833,108.2667,79.5,84,40,13.65,scattered clouds
425,Sakakah,SA,29.9697,40.2064,55.4,76,0,5.75,clear sky
426,Knysna,ZA,-34.0363,23.0471,66.2,94,75,4.61,broken clouds
427,Balaipungut,ID,1.05,101.2833,72.68,83,98,1.36,overcast clouds
428,Eyl,SO,7.9803,49.8164,73.08,76,1,12.5,clear sky
429,San Ignacio,BZ,17.1561,-89.0714,87.8,51,0,6.91,clear sky
430,Bowen,AU,-20.0167,148.2333,75.2,94,100,1.14,overcast clouds
431,Khani,GE,41.9563,42.9566,48.2,81,90,11.5,overcast clouds
432,Itarantim,BR,-15.6597,-40.0656,84.78,67,83,9.48,broken clouds
433,Myaundzha,RU,63.0494,147.1858,-14.28,86,100,2.84,overcast clouds
434,Carutapera,BR,-1.195,-46.02,84.87,59,35,9.73,scattered clouds
435,Pacific Grove,US,36.6177,-121.9166,60.01,54,1,4.61,clear sky
436,Rudnichnyy,RU,59.617,52.4703,23.13,98,100,9.19,snow
437,Assiniboia,CA,49.6334,-105.9845,-5.8,65,100,14.97,overcast clouds
438,Hambantota,LK,6.1241,81.1185,77.0,94,20,8.05,few clouds
439,Porto Novo,BJ,6.4965,2.6036,86.0,79,20,11.5,few clouds
440,Chimbote,PE,-9.0853,-78.5783,76.6,60,6,11.1,clear sky
441,Santa Isabel Do Rio Negro,BR,-0.4139,-65.0192,82.76,85,100,3.58,overcast clouds
442,Yerbogachen,RU,61.2767,108.0108,-12.95,89,100,3.33,overcast clouds
443,Granadilla De Abona,ES,28.1188,-16.576,61.0,63,40,5.75,scattered clouds
444,Akdepe,TM,42.0551,59.3788,51.8,62,0,4.61,clear sky
445,Saint-Ambroise,CA,48.5501,-71.3324,30.0,74,100,6.91,overcast clouds
446,Saint-Joseph,RE,-21.3667,55.6167,80.6,61,20,4.61,few clouds
447,Ketchikan,US,55.3422,-131.6461,37.4,87,1,2.71,clear sky
448,Santa Maria,BR,-29.6842,-53.8069,75.2,53,75,6.91,broken clouds
449,Kruisfontein,ZA,-34.0033,24.7314,73.0,79,53,4.0,broken clouds
450,Silifke,TR,36.3778,33.9344,59.32,47,0,6.82,clear sky
451,Burdur,TR,37.7203,30.2908,42.8,75,0,8.05,clear sky
452,Verkhnyaya Inta,RU,65.9811,60.3094,-5.03,91,100,7.65,overcast clouds
453,Estelle,US,29.8458,-90.1067,54.0,76,90,6.91,overcast clouds
454,Wattegama,LK,6.7989,81.4808,77.0,94,20,8.05,few clouds
455,Poya,NC,-21.35,165.15,75.42,86,4,2.71,clear sky
456,Batagay-Alyta,RU,67.8006,130.4114,-29.16,83,100,1.14,overcast clouds
457,Rozhdestveno,RU,53.2375,50.0597,33.8,100,75,8.95,broken clouds
458,Veraval,IN,20.9,70.3667,70.02,36,0,16.71,clear sky
459,Jacmel,HT,18.2342,-72.5347,82.99,61,0,8.7,clear sky
460,Trinidad,BO,-14.8333,-64.9,87.8,55,40,13.8,scattered clouds
461,Nouadhibou,MR,20.931,-17.0347,66.2,72,0,12.66,clear sky
462,Turhal,TR,40.3875,36.0811,44.6,65,0,9.22,clear sky
463,Arlit,NE,18.7369,7.3853,72.59,18,0,7.18,clear sky
464,Morgan City,US,29.6994,-91.2068,51.8,66,90,12.66,light rain
465,Galeana,MX,24.8333,-100.0667,73.0,15,15,11.01,few clouds
466,Kambam,ID,5.2505,96.8629,77.0,83,100,4.38,overcast clouds
467,Kerema,PG,-7.9631,145.7785,79.34,76,91,3.83,overcast clouds
468,Roald,NO,62.5833,6.1333,26.6,50,0,11.5,clear sky
469,Dingli,MT,35.8614,14.3822,60.01,94,0,5.75,clear sky
470,Mopipi,BW,-21.1833,24.8833,81.63,60,74,7.05,broken clouds
471,Praia Da Vitoria,PT,38.7333,-27.0667,57.2,77,75,13.51,broken clouds
472,Kargil,IN,34.5667,76.1,-6.61,70,0,1.92,clear sky
473,Cravo Norte,CO,6.3017,-70.2041,95.18,37,97,12.48,overcast clouds
474,Altay,CN,47.8667,88.1167,17.44,85,100,3.06,overcast clouds
475,Berdigestyakh,RU,62.0989,126.6992,-39.62,78,52,4.68,broken clouds
476,Miyako,JP,39.6367,141.9525,37.22,84,100,7.99,overcast clouds
477,Katherine,AU,-14.4667,132.2667,73.4,100,40,6.91,scattered clouds
478,Verkhnevilyuysk,RU,63.4453,120.3167,-41.98,80,25,3.65,scattered clouds
479,Norman Wells,CA,65.282,-126.8329,-25.6,68,75,17.27,snow
480,Phimai,TH,15.2232,102.4947,73.99,73,0,8.28,clear sky
481,Seymchan,RU,62.8833,152.4333,-23.04,84,95,2.28,overcast clouds
482,Senno,RU,59.5336,33.9167,4.46,94,100,8.3,overcast clouds
483,Ogbomosho,NG,8.133,4.25,85.89,20,100,4.0,overcast clouds
484,Whitehorse,CA,60.7161,-135.0538,-13.0,70,20,0.87,few clouds
485,Misratah,LY,32.3754,15.0925,66.87,45,0,13.62,clear sky
486,Adamovka,RU,51.5223,59.9396,33.51,93,100,15.21,overcast clouds
487,Sulphur,US,30.2366,-93.3774,48.2,81,90,5.75,moderate rain
488,Vibo Valentia,IT,38.6996,16.1274,53.6,87,78,4.61,broken clouds
489,Ejido,VE,8.5514,-71.2375,77.4,55,100,5.39,overcast clouds
490,Pangody,RU,65.85,74.4859,-18.11,87,100,5.32,overcast clouds
491,Karratha,AU,-20.7377,116.8463,79.74,79,59,10.65,broken clouds
492,Nizhniy Tsasuchey,RU,50.5167,115.1333,-1.34,87,15,9.31,light snow
493,Olinda,BR,-8.0089,-34.8553,82.4,57,20,9.22,few clouds
494,Kuraymah,SD,18.55,31.85,64.31,32,0,12.33,clear sky
495,Fort Nelson,CA,58.8053,-122.7002,-13.0,64,75,10.36,light snow
496,Abai,PY,-26.0333,-55.9333,80.67,49,0,8.37,clear sky
497,Araripe,BR,-7.2125,-40.0461,91.11,28,13,8.86,few clouds
498,Sao Joao Da Barra,BR,-21.6403,-41.0511,84.2,61,0,16.11,clear sky
499,Lieksa,FI,63.3167,30.0167,7.88,94,90,9.69,overcast clouds
500,Fairfield,US,41.2668,-73.3162,43.0,75,90,4.61,overcast clouds
501,Poso,ID,-1.3959,120.7524,76.39,83,100,4.79,overcast clouds
502,Richards Bay,ZA,-28.783,32.0377,74.97,93,27,3.2,scattered clouds
503,Ucluelet,CA,48.9329,-125.5528,48.2,93,40,2.3,scattered clouds
504,San Carlos De Bariloche,AR,-41.1456,-71.3082,97.0,6,0,12.66,clear sky
505,Fare,PF,-16.7,-151.0167,80.82,68,1,5.86,light rain
506,Riyadh,SA,24.6877,46.7219,71.6,17,0,9.22,clear sky
507,Kingaroy,AU,-26.5333,151.8333,59.0,100,36,5.75,scattered clouds
508,Falam,MM,22.9167,93.6833,48.74,63,0,2.73,clear sky
509,Nordhausen,DE,51.5167,10.8,39.0,99,100,1.01,overcast clouds
510,Biak,ID,-0.9131,122.8766,77.67,77,100,4.34,overcast clouds
511,San Carlos,VE,9.6612,-68.5827,96.51,32,99,2.57,overcast clouds
512,Nizwa,OM,22.9333,57.5333,57.47,52,0,2.08,clear sky
513,Yondo,CO,7.0062,-73.9097,97.25,43,100,1.45,overcast clouds
514,Lincoln,US,40.8,-96.667,27.0,54,90,10.36,overcast clouds
515,Ramotswa,BW,-24.8716,25.8699,68.0,100,90,2.3,light rain
516,Kungurtug,RU,50.5994,97.5228,-2.56,87,99,0.81,overcast clouds
517,Kawalu,ID,-7.3817,108.2082,72.1,90,78,3.13,broken clouds
518,Artvin,TR,41.1667,41.8333,51.8,76,75,17.27,light rain
519,Shihezi,CN,44.3,86.0333,13.39,94,25,2.01,scattered clouds
520,Krasnogorskoye,RU,52.2953,86.1979,24.55,98,100,2.3,light snow
521,Cessnock,AU,-32.8333,151.35,70.0,92,100,1.88,overcast clouds
522,Oum Hadjer,TD,13.2954,19.6966,74.93,18,0,12.17,clear sky
523,Champawat,IN,29.3333,80.1,36.37,99,63,4.79,broken clouds
524,Alexandria,EG,31.2156,29.9553,62.6,72,40,9.22,scattered clouds
525,Muskogee,US,35.5834,-95.3336,51.01,32,20,6.91,few clouds
526,Sawtell,AU,-30.3833,153.1,68.0,88,40,5.75,scattered clouds
527,Aksarka,RU,66.5606,67.7975,-19.89,88,100,11.14,light snow
528,Aswan,EG,24.0934,32.907,63.68,41,0,14.41,clear sky
529,Gari,RU,59.4307,62.3497,34.38,98,100,10.47,light rain
530,Smithers,CA,54.7804,-127.1743,28.4,86,75,4.61,broken clouds
531,Louros,GR,39.1628,20.7519,51.8,100,0,4.61,clear sky
532,Alyangula,AU,-13.8483,136.4192,78.8,94,90,10.36,light rain
533,Okhotsk,RU,59.3833,143.3,-1.1,86,100,9.06,overcast clouds
534,Liku,ID,-0.7275,119.8922,74.89,85,100,2.15,overcast clouds
535,Bogande,BF,12.9714,-0.1436,84.36,15,0,8.34,clear sky
536,Ballina,AU,-28.8667,153.5667,69.8,94,75,1.03,broken clouds
537,Portree,GB,57.4129,-6.1942,36.0,81,99,10.0,overcast clouds
538,Balagansk,RU,54.0103,103.0544,-2.96,91,85,2.53,overcast clouds
539,Mbarara,UG,-0.608,30.65,69.01,79,100,0.85,moderate rain
540,Panjab,AF,34.388,67.0233,10.89,51,0,1.95,clear sky
541,Orsha,BY,54.5153,30.4053,12.56,96,95,8.43,overcast clouds
542,Abrau-Dyurso,RU,44.69,37.59,32.0,80,17,2.24,few clouds
543,Daru,PG,-9.0763,143.2092,79.23,83,99,10.09,overcast clouds
544,Kudinovo,RU,54.9994,36.2533,8.6,85,100,8.95,overcast clouds
545,Srednekolymsk,RU,67.45,153.6833,-21.84,85,0,7.07,clear sky
546,Portland,US,45.5234,-122.6762,48.99,87,75,13.8,broken clouds
547,Garbolovo,RU,60.3413,30.4955,7.0,88,100,10.0,snow
548,Clifton,US,40.8584,-74.1638,46.4,70,75,4.61,broken clouds
549,Tynda,RU,55.1667,124.7167,-25.15,82,78,3.89,broken clouds
550,Severnyy-Kospashskiy,RU,59.0925,57.8008,35.01,100,100,5.99,light rain
551,Lander,US,42.833,-108.7307,34.0,37,75,3.44,broken clouds
552,Sohag,EG,26.557,31.6948,64.4,48,0,11.5,clear sky
553,Micheweni,TZ,-4.9667,39.8333,80.98,78,0,11.81,clear sky
554,Tommot,RU,58.9564,126.2925,-24.7,82,99,2.62,overcast clouds
555,Thinadhoo,MV,0.5333,72.9333,82.44,78,100,15.48,overcast clouds
556,Chipinge,ZW,-20.1883,32.6236,68.13,94,26,5.08,scattered clouds
557,Milton,US,34.1322,-84.3007,52.0,33,100,5.01,overcast clouds
558,Pervomayskoye,RU,43.919,46.7102,47.68,61,100,16.6,overcast clouds
559,Pampa,US,35.5362,-100.9599,53.6,28,1,6.91,clear sky
560,Maldonado,UY,-34.6667,-54.9167,73.4,56,40,17.27,scattered clouds
561,Bulawayo,ZW,-20.15,28.5833,68.16,87,82,7.61,light rain
562,Ciechocinek,PL,52.8791,18.7951,24.01,100,100,1.14,overcast clouds
563,Bull Savanna,JM,17.8868,-77.5902,80.8,73,8,17.18,clear sky
564,Hasaki,JP,35.7333,140.8333,37.4,87,75,5.75,broken clouds
565,Yuzhno-Kurilsk,RU,44.0306,145.8556,22.69,90,90,9.66,overcast clouds
566,Kahta,TR,37.7855,38.6237,42.8,65,0,9.22,clear sky
567,Kentau,KZ,43.5206,68.5094,41.88,63,100,7.27,overcast clouds
568,Inuvik,CA,68.3499,-133.7218,-31.0,68,97,1.14,overcast clouds
569,Yatou,CN,37.15,122.3833,40.08,84,0,12.12,clear sky
570,Maarianhamina,AX,60.0973,19.9348,8.6,92,75,1.14,light snow
571,Shaowu,CN,27.3409,117.4831,56.7,85,35,2.33,scattered clouds
572,Qixingtai,CN,30.4135,111.8874,42.01,96,0,3.13,clear sky
573,Channagiri,IN,14.0333,75.9333,68.36,51,0,2.01,clear sky
574,Porto Walter,BR,-8.2686,-72.7439,73.62,96,100,3.36,overcast clouds
575,Troitsko-Pechorsk,RU,62.7084,56.1964,7.45,95,100,7.11,overcast clouds
576,Gizo,SB,-8.103,156.8419,82.53,75,27,9.69,moderate rain
577,Ust-Koksa,RU,50.2696,85.6108,23.2,93,100,1.88,light snow
578,Mutare,ZW,-18.9707,32.6709,67.53,97,88,4.03,overcast clouds
579,Alofi,NU,-19.0595,-169.9187,75.2,100,100,9.22,moderate rain
580,Komsomolskiy,UZ,40.4272,71.7189,42.8,36,100,6.91,overcast clouds
581,Iguape,BR,-24.7081,-47.5553,80.55,66,5,12.5,clear sky
582,Anadyr,RU,64.75,177.4833,-0.4,71,0,17.9,clear sky
583,Mamlyutka,KZ,54.9375,68.5394,33.85,99,100,9.22,overcast clouds
584,Evensk,RU,61.95,159.2333,2.3,90,100,15.52,overcast clouds
585,Moa,CU,20.6569,-74.9403,80.4,71,100,12.3,overcast clouds
586,Luderitz,NA,-26.6481,15.1594,73.81,50,0,25.97,clear sky
587,Meulaboh,ID,4.1363,96.1285,77.18,86,0,4.03,clear sky
588,Llata,PE,-9.4167,-76.7833,63.07,54,65,8.23,broken clouds
589,Vila Velha,BR,-20.3297,-40.2925,89.01,74,75,18.41,broken clouds
590,Cap Malheureux,MU,-19.9842,57.6142,75.99,84,0,1.01,light rain
591,Esna,EG,25.2934,32.554,66.2,55,20,13.8,few clouds
592,Vanimo,PG,-2.6741,141.3028,78.01,83,100,5.32,overcast clouds
593,Jalu,LY,29.0331,21.5482,57.74,54,0,4.61,clear sky
594,Berwick,US,41.0545,-76.2333,45.0,57,98,3.0,overcast clouds
595,Lukovetskiy,RU,64.2956,41.9211,5.0,72,75,6.71,broken clouds
596,Dubti,ET,11.7361,41.0853,73.42,50,99,9.6,overcast clouds
597,Kidal,ML,18.4411,1.4078,76.03,16,67,8.57,broken clouds
598,Chatakonda,IN,17.55,80.65,66.04,76,0,6.29,clear sky
599,Harnai,PK,30.1005,67.9374,50.67,37,0,2.04,clear sky
600,Alihe,CN,50.5667,123.7167,-13.04,85,15,3.27,few clouds
601,Zhuanghe,CN,39.7008,122.9911,30.94,91,29,1.77,scattered clouds
602,Ilulissat,GL,69.2167,-51.1,8.6,40,1,16.11,clear sky
603,Bela,IN,25.9333,81.9833,59.31,74,73,5.03,broken clouds
604,Ponta Delgada,PT,37.7333,-25.6667,57.0,67,40,11.5,scattered clouds
605,Aykhal,RU,66.0,111.5,-34.6,81,56,3.36,broken clouds
606,Timra,SE,62.487,17.3257,19.99,86,10,11.5,clear sky
607,Indian Head,US,38.6001,-77.1622,57.2,35,20,12.66,few clouds
608,Barmer,IN,25.75,71.3833,57.6,34,0,5.91,clear sky
609,Taft,IR,31.7471,54.2088,53.6,19,0,6.91,clear sky
610,Baie-Saint-Paul,CA,47.4411,-70.4986,28.99,93,100,3.44,overcast clouds
611,Mishan,CN,45.55,131.8833,2.03,93,11,5.86,few clouds
612,Waipawa,NZ,-41.4122,175.5153,57.99,82,90,12.66,overcast clouds
613,Olsztyn,PL,53.7799,20.4942,10.4,100,0,1.14,fog
614,Buala,SB,-8.145,159.5921,80.24,78,20,10.16,light rain
615,Cabedelo,BR,-6.9811,-34.8339,86.0,58,0,10.36,clear sky
616,Barrhead,GB,55.7992,-4.3929,37.99,93,90,18.41,moderate rain
617,Xai-Xai,MZ,-25.0519,33.6442,79.02,85,100,9.82,overcast clouds
618,Ahuimanu,US,21.4447,-157.8378,69.8,64,20,6.8,few clouds
619,San Cristobal,VE,7.7669,-72.225,86.0,51,40,17.27,scattered clouds
620,Xiuyan,CN,40.2928,123.2744,24.76,95,65,1.28,broken clouds
621,Ullapool,GB,57.8987,-5.1604,36.0,70,100,21.0,overcast clouds
622,Matamoros,MX,25.5333,-103.25,77.0,14,1,9.73,clear sky
623,Ayagoz,KZ,47.9714,80.4392,18.14,92,100,6.24,overcast clouds
624,Sitges,ES,41.2351,1.8119,57.0,80,98,5.99,overcast clouds
625,Zhangjiakou,CN,40.81,114.8794,27.46,88,0,5.48,clear sky
626,Majene,ID,-3.5403,118.9707,77.72,82,100,5.1,overcast clouds
627,Rovnoye,RU,50.7765,46.0509,26.47,94,100,17.36,light snow
628,Maragogi,BR,-9.0122,-35.2225,82.83,66,0,13.22,clear sky
629,Alice Springs,AU,-23.7,133.8833,71.6,53,75,5.75,broken clouds
630,Villa Carlos Paz,AR,-31.4241,-64.4978,86.0,53,0,9.22,clear sky
631,Jhang,PK,33.6748,72.6963,51.01,73,0,2.21,clear sky
632,Saldanha,ZA,-33.0117,17.9442,66.2,77,0,11.5,clear sky
633,Comodoro Rivadavia,AR,-45.8667,-67.5,66.2,52,0,12.66,clear sky
634,Tonstad,NO,58.6626,6.7169,23.0,65,0,14.94,clear sky
635,Ambilobe,MG,-13.2,49.05,75.6,89,80,1.72,light rain
636,Vatutinki,RU,55.4983,37.3325,12.2,73,75,15.66,light snow
637,Copiapo,CL,-27.3667,-70.3333,69.8,56,0,13.8,clear sky
638,Safaga,EG,26.7292,33.9365,68.0,45,0,13.8,clear sky
639,Marapanim,BR,-0.7175,-47.6997,87.46,56,0,9.04,clear sky
640,Muriwai Beach,NZ,-36.8167,174.45,66.99,92,97,9.26,overcast clouds
641,Narbonne,FR,43.0833,2.8333,55.99,79,100,3.0,overcast clouds
642,Saint-Pierre,RE,-21.3393,55.4781,80.6,61,20,4.61,few clouds
643,Carauari,BR,-4.8828,-66.8958,80.73,92,100,4.47,overcast clouds
644,Dalby,AU,-27.1833,151.2667,64.99,87,0,4.25,clear sky
645,Rincon,US,32.296,-81.2354,62.6,72,90,11.5,overcast clouds
646,Spring Valley,US,36.108,-115.245,57.2,22,1,3.44,clear sky
647,Nokaneng,BW,-19.6667,22.2667,78.03,69,100,3.18,overcast clouds
648,Beian,NO,63.6559,9.5683,21.2,86,90,17.27,light snow
649,Christchurch,NZ,-43.5333,172.6333,55.99,93,100,5.75,overcast clouds
650,Caibarien,CU,22.5206,-79.4669,86.0,45,75,6.91,broken clouds
651,Tanout,NE,14.9709,8.8879,70.68,20,0,13.33,clear sky
652,Van Buren,US,35.4368,-94.3483,55.0,34,1,4.61,clear sky
653,Yumen,CN,40.2833,97.2,30.97,74,100,21.65,overcast clouds
654,Silca,HN,14.8333,-86.5333,86.0,58,40,1.14,scattered clouds
655,Mgachi,RU,51.05,142.2667,-10.37,87,100,3.71,overcast clouds
656,Belmonte,BR,-15.8631,-38.8828,86.0,79,75,13.8,broken clouds
657,Synya,RU,65.3718,58.0387,-6.36,91,92,5.53,overcast clouds
658,Davenda,RU,53.5556,119.317,-15.72,83,50,3.51,scattered clouds
659,Makakilo City,US,21.3469,-158.0858,69.8,64,40,6.85,scattered clouds
660,Hualmay,PE,-11.0964,-77.6139,75.81,64,100,11.07,overcast clouds
661,Amahai,ID,-3.3333,128.9167,79.29,79,89,5.12,overcast clouds
662,Nguruka,TZ,-5.1092,31.0419,68.83,89,100,2.3,overcast clouds
663,Pueblo,US,38.2545,-104.6091,45.0,28,1,11.5,clear sky
664,Oxford,GB,51.7522,-1.256,44.6,93,40,8.05,light rain
665,Camargo,MX,27.6667,-105.1667,68.81,23,0,3.47,clear sky
666,Muscat,OM,23.6139,58.5922,68.0,77,0,3.44,clear sky
667,Shingu,JP,33.7333,135.9833,46.04,71,99,4.54,overcast clouds
668,Tezu,IN,27.9167,96.1667,62.2,28,32,4.79,scattered clouds
669,Mathathane,BW,-22.2687,28.7495,79.07,70,23,18.52,moderate rain
670,Kavaratti,IN,10.5669,72.642,80.64,78,0,12.66,clear sky
671,Aasiaat,GL,68.7098,-52.8699,0.59,76,0,7.9,clear sky
672,Sturgeon Bay,US,44.8342,-87.377,14.0,73,90,16.11,haze
673,Cerrito,CO,6.8432,-72.694,77.0,73,75,6.91,broken clouds
674,Jacareacanga,BR,-6.2222,-57.7528,82.4,83,90,2.3,light rain
675,Carballo,ES,43.213,-8.691,50.0,85,100,7.0,overcast clouds
676,Antofagasta,CL,-23.65,-70.4,71.6,64,20,12.66,few clouds
677,Baghdogra,IN,26.7,88.3167,65.28,43,0,5.03,clear sky
678,Sakaiminato,JP,35.55,133.2333,48.2,66,75,13.8,broken clouds
679,Emerald,AU,-23.5333,148.1667,75.2,78,1,5.75,clear sky
680,Camudmud,PH,7.1761,125.6933,75.2,100,20,3.44,few clouds
681,Qui Nhon,VN,13.7667,109.2333,70.2,86,100,8.28,overcast clouds
682,Chifeng,CN,42.2683,118.9636,19.13,91,3,5.55,clear sky
